categoryId,id,name
DjVqcWNaIyWJbK9lnVSx,1h0C3ZBXP2HN8beFsm42,Blended Coffee
DjVqcWNaIyWJbK9lnVSx,1xim7wCSFSm6Bl36OOzq,Add-ons
DjVqcWNaIyWJbK9lnVSx,36175P6hiLmGWp4Iu45t,Affogato
DjVqcWNaIyWJbK9lnVSx,6oGbGEV1ksDmnlIH2boP,Others
DjVqcWNaIyWJbK9lnVSx,BZU8mxU55uuky7kH8uAr,Sides
DjVqcWNaIyWJbK9lnVSx,CNArGB4TwX7QaOubpaSJ,Blended Cream
DjVqcWNaIyWJbK9lnVSx,DkjZw88tRmCCc8KYaTeN,Premium Blends Cream
DjVqcWNaIyWJbK9lnVSx,Ez6GUZFUAyet6QQfDxtL,Hot Coffee Beverages
DjVqcWNaIyWJbK9lnVSx,IEOnoF4oxTIT2Pqi2wql,Premium Blends Coffee
DjVqcWNaIyWJbK9lnVSx,J2UrZOleK96PvfkVvahG,Limited Edition (Seasonal)
DjVqcWNaIyWJbK9lnVSx,PtpFpCm5zWuBZCTsS9yE,Iced Non-coffee Beverages
DjVqcWNaIyWJbK9lnVSx,TP2o2CZh21aU0MmXIxFP,Pasta
DjVqcWNaIyWJbK9lnVSx,fBUyPNUzM5xCZrNBXwNf,Sandwiches
DjVqcWNaIyWJbK9lnVSx,hxV1QOCXIr74E21wgYqY,Hot Non-coffee Beverages
DjVqcWNaIyWJbK9lnVSx,kWpbVLm4qJ8j1ELclMJr,Iced Coffee Beverages
DjVqcWNaIyWJbK9lnVSx,oT4rUpDUuJBN1Km0eqBw,Coolers
DjVqcWNaIyWJbK9lnVSx,pKUMXZuAAWjcaUoHO6t7,DMS Pastries
DjVqcWNaIyWJbK9lnVSx,u5ItmF6rirRmBlKhkjAn,Packaging
DjVqcWNaIyWJbK9lnVSx,zhSaRTIhk2CQfzDTEMEY,Pastries